Year,Hospital Cost,Personal Health Care,Uninsured Rate
2008,2570.176471,4686.539216,13.4
2009,2733.980392,4915.852941,13.90196078
2010,2856.862745,5084.784314,14.15490196
2011,2950.313725,5241.186275,13.79019608
2012,3091.058824,5438.558824,13.45882353
2013,3195.960784,5584.54902,13.24117647
2014,3330.019608,5831.088235,10.68039216
